<?xml version="1.0"?>
<doc>
    <assembly>
        <name>Microsoft.PowerFx.Connectors</name>
    </assembly>
    <members>
        <member name="T:Microsoft.PowerFx.Connectors.ICachingHttpClient">
            <summary>
            Interface for caching GET requests. 
            </summary>
        </member>
        <member name="T:Microsoft.PowerFx.Connectors.NonCachingClient">
            <summary>
            Implementation that skips caching. 
            </summary>
        </member>
        <member name="T:Microsoft.PowerFx.Connectors.CachingHttpClient">
            <summary>
            Simple cache for GETs. Cache is reset when a POST is made. 
            </summary>
        </member>
        <member name="T:Microsoft.PowerFx.Connectors.ODataVisitorContext">
            Context for the <see cref="T:Microsoft.PowerFx.Connectors.ODataVisitor" />
        </member>
        <member name="M:Microsoft.PowerFx.Connectors.OpenApiExtensions.GetContentTypeAndSchema(System.Collections.Generic.IDictionary{System.String,Microsoft.OpenApi.Models.OpenApiMediaType})">
            <summary>
            Identifies which ContentType and Schema to use.
            </summary>
            <param name="content"></param>
            <returns>RequestBody content dictionary of possible content types and associated schemas.</returns>
            <exception cref="T:System.NotImplementedException">When we cannot determine the content type to use.</exception>
        </member>
        <member name="T:Microsoft.PowerFx.Connectors.PowerPlatformConnectorClient">
            <summary>
            Http handler to invoke Power Platform connectors. 
            This accepts HttpRequestMessages described the swagger, transforms the request, and forwards them to Connector endpoints.
            </summary>
        </member>
        <member name="P:Microsoft.PowerFx.Connectors.PowerPlatformConnectorClient.Version">
            <summary>
            For telemetry - assembly version stamp. 
            </summary>
        </member>
        <member name="P:Microsoft.PowerFx.Connectors.PowerPlatformConnectorClient.SessionId">
            <summary>
            Session Id for telemetry.
            </summary>
        </member>
        <member name="P:Microsoft.PowerFx.Connectors.PowerPlatformConnectorClient.GetAuthToken">
            <summary>
            Callback to get the auth token.
            Invoke as a callback since token may need to be refreshed. 
            </summary>
        </member>
        <member name="M:Microsoft.PowerFx.ConfigExtensions.AddService(Microsoft.PowerFx.PowerFxConfig,System.String,Microsoft.OpenApi.Models.OpenApiDocument,System.Net.Http.HttpMessageInvoker,Microsoft.PowerFx.Connectors.ICachingHttpClient)">
            <summary>
            Add functions for each operation in the <see cref="T:Microsoft.OpenApi.Models.OpenApiDocument"/>. 
            Functions names will be 'functionNamespace.operationName'.
            Functions are invoked via rest via the httpClient. The client must handle authentication. 
            </summary>
            <param name="config">Config to add the functions to.</param>
            <param name="functionNamespace">Namespace to place functions in.</param>
            <param name="openApiDocument">An API document. This can represent multiple formats, including Swagger 2.0 and OpenAPI 3.0.</param>
            <param name="httpClient">Required iff we want to invoke the API. A client to invoke the endpoints described in the api document. This must handle auth or any other tranforms the API expects.</param>
            <param name="cache">A cache to avoid redundant HTTP gets.</param>
        </member>
    </members>
</doc>
